label_name,bbox_x,bbox_y,bbox_width,bbox_height,image_name,image_width,image_height
lience_plate,28,272,481,282, (1).jpg,640,640
lience_plate,110,347,177,58, (10).jpg,640,640
lience_plate,263,200,118,137, (100).jpg,640,640
lience_plate,202,57,143,112, (1000).jpg,640,640
lience_plate,92,238,371,79, (1001).jpg,640,640
lience_plate,201,52,176,115, (1002).jpg,640,640
lience_plate,146,227,218,96, (1003).jpg,640,640
lience_plate,133,13,362,211, (1004).jpg,640,640
lience_plate,191,154,263,95, (1005).jpg,640,640
lience_plate,113,224,286,54, (1006).jpg,640,640
lience_plate,154,180,211,116, (1007).jpg,640,640
lience_plate,200,64,232,136, (1008).jpg,640,640
lience_plate,130,188,265,55, (1009).jpg,640,640
lience_plate,242,218,91,116, (101).jpg,640,640
lience_plate,190,173,221,103, (1010).jpg,640,640
lience_plate,147,178,256,74, (1011).jpg,640,640
lience_plate,99,194,244,142, (1012).jpg,640,640
lience_plate,197,78,183,55, (1013).jpg,640,640
lience_plate,183,58,232,55, (1014).jpg,640,640
lience_plate,190,136,214,105, (1015).jpg,640,640
lience_plate,251,194,143,99, (1016).jpg,640,640
lience_plate,194,265,293,57, (1017).jpg,640,640
lience_plate,170,194,241,59, (1018).jpg,640,640
lience_plate,147,110,347,72, (1019).jpg,640,640
lience_plate,255,193,89,119, (102).jpg,640,640
lience_plate,115,246,343,67, (1020).jpg,640,640
lience_plate,93,188,307,71, (1021).jpg,640,640
lience_plate,72,259,402,129, (1022).jpg,640,640
lience_plate,35,244,474,86, (1023).jpg,640,640
lience_plate,190,72,217,161, (1024).jpg,640,640
lience_plate,238,323,193,40, (1025).jpg,640,640
lience_plate,184,299,251,59, (1026).jpg,640,640
lience_plate,205,231,273,102, (1027).jpg,640,640
lience_plate,188,156,146,68, (1028).jpg,640,640
lience_plate,218,143,191,156, (1029).jpg,640,640
lience_plate,212,93,116,149, (103).jpg,640,640
lience_plate,194,78,214,202, (1030).jpg,640,640
lience_plate,212,259,263,89, (1031).jpg,640,640
lience_plate,112,227,355,62, (1032).jpg,640,640
lience_plate,0,210,479,88, (1033).jpg,640,640
lience_plate,221,195,225,122, (1034).jpg,640,640
lience_plate,30,167,583,215, (1035).jpg,640,640
lience_plate,163,96,263,106, (1036).jpg,640,640
lience_plate,253,211,262,74, (1037).jpg,640,640
lience_plate,153,238,313,69, (1038).jpg,640,640
lience_plate,44,261,443,122, (1039).jpg,640,640
lience_plate,303,227,133,174, (104).jpg,640,640
lience_plate,207,191,306,78, (1040).jpg,640,640
lience_plate,241,253,185,45, (1041).jpg,640,640
lience_plate,166,253,297,54, (1042).jpg,640,640
lience_plate,210,398,234,51, (1043).jpg,640,640
lience_plate,154,143,272,118, (1044).jpg,640,640
lience_plate,187,306,241,44, (1045).jpg,640,640
lience_plate,218,228,268,50, (1046).jpg,640,640
lience_plate,217,239,231,47, (1047).jpg,640,640
lience_plate,229,295,234,48, (1048).jpg,640,640
lience_plate,194,167,194,78, (1049).jpg,640,640
lience_plate,258,202,129,170, (105).jpg,640,640
lience_plate,191,176,303,61, (1050).jpg,640,640
lience_plate,140,244,353,68, (1051).jpg,640,640
lience_plate,101,225,297,78, (1052).jpg,640,640
lience_plate,221,239,118,64, (1053).jpg,640,640
lience_plate,275,177,116,61, (1054).jpg,640,640
lience_plate,174,228,283,58, (1055).jpg,640,640
lience_plate,76,244,422,79, (1056).jpg,640,640
lience_plate,67,309,476,59, (1057).jpg,640,640
lience_plate,212,215,268,59, (1058).jpg,640,640
lience_plate,144,238,313,69, (1059).jpg,640,640
lience_plate,313,130,108,147, (106).jpg,640,640
lience_plate,207,157,188,153, (1060).jpg,640,640
lience_plate,137,108,147,116, (1061).jpg,640,640
lience_plate,152,58,133,108, (1062).jpg,640,640
lience_plate,171,181,150,115, (1063).jpg,640,640
lience_plate,222,147,190,146, (1064).jpg,640,640
lience_plate,197,84,214,202, (1065).jpg,640,640
lience_plate,171,177,152,120, (1066).jpg,640,640
lience_plate,118,222,360,67, (1067).jpg,640,640
lience_plate,44,263,443,127, (1068).jpg,640,640
lience_plate,71,198,449,142, (1069).jpg,640,640
lience_plate,228,137,116,152, (107).jpg,640,640
lience_plate,137,262,307,62, (1070).jpg,640,640
lience_plate,255,242,268,58, (1071).jpg,640,640
lience_plate,222,261,282,54, (1072).jpg,640,640
lience_plate,255,222,262,62, (1073).jpg,640,640
lience_plate,249,241,201,47, (1074).jpg,640,640
lience_plate,227,167,256,55, (1075).jpg,640,640
lience_plate,355,239,96,57, (1076).jpg,640,640
lience_plate,321,207,103,59, (1077).jpg,640,640
lience_plate,218,263,258,86, (1078).jpg,640,640
lience_plate,127,234,404,109, (1079).jpg,640,640
lience_plate,222,0,113,139, (108).jpg,640,640
lience_plate,360,236,88,58, (1080).jpg,640,640
lience_plate,368,246,150,51, (1081).jpg,640,640
lience_plate,255,194,211,52, (1082).jpg,640,640
lience_plate,143,188,370,75, (1083).jpg,640,640
lience_plate,205,177,358,75, (1084).jpg,640,640
lience_plate,235,105,241,166, (1085).jpg,640,640
lience_plate,109,269,354,72, (1086).jpg,640,640
lience_plate,177,221,358,75, (1087).jpg,640,640
lience_plate,13,282,404,92, (1088).jpg,640,640
lience_plate,159,235,306,78, (1089).jpg,640,640
lience_plate,214,130,91,125, (109).jpg,640,640
lience_plate,42,259,388,129, (1090).jpg,640,640
lience_plate,183,222,333,55, (1091).jpg,640,640
lience_plate,149,185,317,69, (1092).jpg,640,640
lience_plate,228,270,278,98, (1093).jpg,640,640
lience_plate,140,159,379,142, (1094).jpg,640,640
lience_plate,132,168,416,181, (1095).jpg,640,640
lience_plate,200,181,144,57, (1096).jpg,640,640
lience_plate,194,163,144,59, (1097).jpg,640,640
lience_plate,191,225,229,115, (1098).jpg,640,640
lience_plate,219,225,105,72, (1099).jpg,640,640
lience_plate,300,367,181,30, (11).jpg,640,640
lience_plate,330,167,126,167, (110).jpg,640,640
lience_plate,177,239,115,72, (1100).jpg,640,640
lience_plate,256,198,170,76, (1101).jpg,640,640
lience_plate,279,193,180,65, (1102).jpg,640,640
lience_plate,210,258,255,64, (1103).jpg,640,640
lience_plate,150,159,287,76, (1104).jpg,640,640
lience_plate,45,86,487,126, (1105).jpg,640,640
lience_plate,122,273,402,102, (1106).jpg,640,640
lience_plate,241,197,106,88, (1107).jpg,640,640
lience_plate,295,208,171,64, (1108).jpg,640,640
lience_plate,241,207,205,112, (1109).jpg,640,640
lience_plate,266,321,126,166, (111).jpg,640,640
lience_plate,153,261,361,76, (1110).jpg,640,640
lience_plate,174,269,204,120, (1111).jpg,640,640
lience_plate,119,183,355,84, (1112).jpg,640,640
lience_plate,253,45,157,98, (1113).jpg,640,640
lience_plate,173,268,273,54, (1114).jpg,640,640
lience_plate,244,292,161,81, (1115).jpg,640,640
lience_plate,62,171,385,174, (1116).jpg,640,640
lience_plate,289,272,140,31, (1117).jpg,640,640
lience_plate,205,143,193,123, (1118).jpg,640,640
lience_plate,164,150,300,69, (1119).jpg,640,640
lience_plate,245,140,109,135, (112).jpg,640,640
lience_plate,204,266,217,119, (1120).jpg,640,640
lience_plate,210,272,198,109, (1121).jpg,640,640
lience_plate,224,248,212,127, (1122).jpg,640,640
lience_plate,210,215,232,129, (1123).jpg,640,640
lience_plate,244,170,174,86, (1124).jpg,640,640
lience_plate,31,202,549,86, (1125).jpg,640,640
lience_plate,241,170,174,103, (1126).jpg,640,640
lience_plate,166,71,316,193, (1127).jpg,640,640
lience_plate,191,142,236,132, (1128).jpg,640,640
lience_plate,295,174,184,112, (1129).jpg,640,640
lience_plate,201,197,103,136, (113).jpg,640,640
lience_plate,146,178,399,173, (1130).jpg,640,640
lience_plate,253,219,120,71, (1131).jpg,640,640
lience_plate,272,167,93,58, (1132).jpg,640,640
lience_plate,251,269,188,69, (1133).jpg,640,640
lience_plate,258,177,198,72, (1134).jpg,640,640
lience_plate,272,273,178,61, (1135).jpg,640,640
lience_plate,269,242,180,64, (1136).jpg,640,640
lience_plate,248,285,191,68, (1137).jpg,640,640
lience_plate,241,202,190,68, (1138).jpg,640,640
lience_plate,248,228,210,81, (1139).jpg,640,640
lience_plate,235,197,112,142, (114).jpg,640,640
lience_plate,248,258,187,67, (1140).jpg,640,640
lience_plate,194,270,270,76, (1141).jpg,640,640
lience_plate,168,212,235,130, (1142).jpg,640,640
lience_plate,241,201,178,71, (1143).jpg,640,640
lience_plate,245,201,187,74, (1144).jpg,640,640
lience_plate,249,224,191,71, (1145).jpg,640,640
lience_plate,259,273,166,69, (1146).jpg,640,640
lience_plate,245,222,211,143, (1147).jpg,640,640
lience_plate,202,231,167,102, (1148).jpg,640,640
lience_plate,227,188,177,99, (1149).jpg,640,640
lience_plate,218,126,106,139, (115).jpg,640,640
lience_plate,180,378,248,50, (1150).jpg,640,640
lience_plate,143,347,372,57, (1151).jpg,640,640
lience_plate,20,321,484,75, (1152).jpg,640,640
lience_plate,204,110,219,129, (1153).jpg,640,640
lience_plate,132,292,331,58, (1154).jpg,640,640
lience_plate,231,278,153,88, (1155).jpg,640,640
lience_plate,245,297,120,75, (1156).jpg,640,640
lience_plate,221,132,313,173, (1157).jpg,640,640
lience_plate,139,129,365,74, (1158).jpg,640,640
lience_plate,236,266,161,85, (1159).jpg,640,640
lience_plate,234,266,123,149, (116).jpg,640,640
lience_plate,354,135,110,75, (1160).jpg,640,640
lience_plate,153,205,208,105, (1161).jpg,640,640
lience_plate,0,306,520,108, (1162).jpg,640,640
lience_plate,191,280,296,55, (1163).jpg,640,640
lience_plate,184,270,290,55, (1164).jpg,640,640
lience_plate,259,167,170,102, (1165).jpg,640,640
lience_plate,154,222,320,61, (1166).jpg,640,640
lience_plate,467,283,4,0, (1166).jpg,640,640
lience_plate,204,142,187,95, (1167).jpg,640,640
lience_plate,211,132,217,120, (1168).jpg,640,640
lience_plate,0,78,565,239, (1169).jpg,640,640
lience_plate,279,241,81,110, (117).jpg,640,640
lience_plate,208,309,262,58, (1170).jpg,640,640
lience_plate,174,282,317,67, (1171).jpg,640,640
lience_plate,92,231,443,75, (1172).jpg,640,640
lience_plate,224,147,163,106, (1173).jpg,640,640
lience_plate,139,239,351,72, (1174).jpg,640,640
lience_plate,69,152,501,137, (1175).jpg,640,640
lience_plate,55,263,505,89, (1176).jpg,640,640
lience_plate,69,153,406,81, (1177).jpg,640,640
lience_plate,270,256,180,103, (1178).jpg,640,640
lience_plate,95,255,367,76, (1179).jpg,640,640
lience_plate,205,202,115,144, (118).jpg,640,640
lience_plate,106,170,399,68, (1180).jpg,640,640
lience_plate,132,195,283,61, (1181).jpg,640,640
lience_plate,0,210,613,167, (1182).jpg,640,640
lience_plate,191,385,229,48, (1183).jpg,640,640
lience_plate,163,222,302,67, (1184).jpg,640,640
lience_plate,161,278,323,54, (1185).jpg,640,640
lience_plate,17,152,460,86, (1186).jpg,640,640
lience_plate,125,231,371,57, (1187).jpg,640,640
lience_plate,178,76,268,183, (1188).jpg,640,640
lience_plate,20,84,467,246, (1189).jpg,640,640
lience_plate,234,269,122,143, (119).jpg,640,640
lience_plate,147,232,263,58, (1190).jpg,640,640
lience_plate,170,106,262,154, (1191).jpg,640,640
lience_plate,105,252,412,71, (1192).jpg,640,640
lience_plate,71,173,551,188, (1193).jpg,640,640
lience_plate,219,33,180,120, (1194).jpg,640,640
lience_plate,149,204,338,71, (1195).jpg,640,640
lience_plate,91,118,421,81, (1196).jpg,640,640
lience_plate,191,345,238,58, (1197).jpg,640,640
lience_plate,185,239,328,62, (1198).jpg,640,640
lience_plate,135,269,282,65, (1199).jpg,640,640
lience_plate,276,351,166,35, (12).jpg,640,640
lience_plate,300,178,92,116, (120).jpg,640,640
lience_plate,170,161,304,79, (1200).jpg,640,640
lience_plate,176,331,262,61, (1201).jpg,640,640
lience_plate,45,140,449,85, (1202).jpg,640,640
lience_plate,85,191,361,65, (1203).jpg,640,640
lience_plate,195,130,266,59, (1204).jpg,640,640
lience_plate,234,200,200,112, (1205).jpg,640,640
lience_plate,55,48,445,228, (1206).jpg,640,640
lience_plate,313,245,102,62, (1207).jpg,640,640
lience_plate,137,212,255,101, (1208).jpg,640,640
lience_plate,47,191,593,142, (1209).jpg,640,640
lience_plate,197,355,102,125, (121).jpg,640,640
lience_plate,253,309,183,37, (1210).jpg,640,640
lience_plate,195,367,266,57, (1211).jpg,640,640
lience_plate,154,259,228,45, (1212).jpg,640,640
lience_plate,275,251,190,45, (1213).jpg,640,640
lience_plate,173,137,300,62, (1214).jpg,640,640
lience_plate,123,218,371,109, (1215).jpg,640,640
lience_plate,137,116,307,167, (1216).jpg,640,640
lience_plate,142,143,344,116, (1217).jpg,640,640
lience_plate,156,102,429,139, (1218).jpg,640,640
lience_plate,215,105,224,132, (1219).jpg,640,640
lience_plate,235,361,113,139, (122).jpg,640,640
lience_plate,166,166,212,120, (1220).jpg,640,640
lience_plate,210,144,198,119, (1221).jpg,640,640
lience_plate,143,177,314,132, (1222).jpg,640,640
lience_plate,157,112,313,146, (1223).jpg,640,640
lience_plate,103,125,324,144, (1224).jpg,640,640
lience_plate,191,54,333,156, (1225).jpg,640,640
lience_plate,96,232,398,82, (1226).jpg,640,640
lience_plate,101,248,372,152, (1227).jpg,640,640
lience_plate,225,249,205,103, (1228).jpg,640,640
lience_plate,171,261,265,50, (1229).jpg,640,640
lience_plate,217,282,125,159, (123).jpg,640,640
lience_plate,88,115,479,211, (1230).jpg,640,640
lience_plate,95,217,309,85, (1231).jpg,640,640
lience_plate,221,273,302,57, (1232).jpg,640,640
lience_plate,130,234,355,59, (1233).jpg,640,640
lience_plate,106,129,321,183, (1234).jpg,640,640
lience_plate,219,194,191,109, (1235).jpg,640,640
lience_plate,92,235,467,84, (1236).jpg,640,640
lience_plate,204,197,293,75, (1237).jpg,640,640
lience_plate,159,150,244,115, (1238).jpg,640,640
lience_plate,164,333,282,57, (1239).jpg,640,640
lience_plate,276,263,89,110, (124).jpg,640,640
lience_plate,159,193,358,75, (1240).jpg,640,640
lience_plate,88,198,323,88, (1241).jpg,640,640
lience_plate,126,249,293,62, (1242).jpg,640,640
lience_plate,137,142,309,159, (1243).jpg,640,640
lience_plate,177,262,293,59, (1244).jpg,640,640
lience_plate,159,242,299,65, (1245).jpg,640,640
lience_plate,193,304,208,127, (1246).jpg,640,640
lience_plate,217,303,312,54, (1247).jpg,640,640
lience_plate,177,92,258,142, (1248).jpg,640,640
lience_plate,147,160,285,127, (1249).jpg,640,640
lience_plate,286,345,113,137, (125).jpg,640,640
lience_plate,193,238,246,51, (1250).jpg,640,640
lience_plate,40,143,588,204, (1251).jpg,640,640
lience_plate,0,188,504,183, (1252).jpg,640,640
lience_plate,212,242,207,47, (1253).jpg,640,640
lience_plate,191,246,297,55, (1254).jpg,640,640
lience_plate,198,242,344,67, (1255).jpg,640,640
lience_plate,108,143,449,119, (1256).jpg,640,640
lience_plate,181,219,235,59, (1257).jpg,640,640
lience_plate,101,178,391,69, (1258).jpg,640,640
lience_plate,147,234,309,58, (1259).jpg,640,640
lience_plate,280,132,113,136, (126).jpg,640,640
lience_plate,150,292,248,54, (1260).jpg,640,640
lience_plate,137,161,364,113, (1261).jpg,640,640
lience_plate,292,221,197,109, (1262).jpg,640,640
lience_plate,149,177,292,61, (1263).jpg,640,640
lience_plate,195,193,184,96, (1264).jpg,640,640
lience_plate,276,327,159,96, (1265).jpg,640,640
lience_plate,110,164,412,101, (1266).jpg,640,640
lience_plate,215,202,241,147, (1267).jpg,640,640
lience_plate,142,236,412,69, (1268).jpg,640,640
lience_plate,211,99,238,127, (1269).jpg,640,640
lience_plate,246,150,116,143, (127).jpg,640,640
lience_plate,191,234,238,85, (1270).jpg,640,640
lience_plate,228,396,193,69, (1271).jpg,640,640
lience_plate,234,105,222,122, (1272).jpg,640,640
lience_plate,33,171,571,177, (1273).jpg,640,640
lience_plate,163,252,314,62, (1274).jpg,640,640
lience_plate,245,133,344,116, (1275).jpg,640,640
lience_plate,178,168,256,82, (1276).jpg,640,640
lience_plate,194,217,279,72, (1277).jpg,640,640
lience_plate,72,106,467,190, (1278).jpg,640,640
lience_plate,132,147,300,105, (1279).jpg,640,640
lience_plate,194,295,120,161, (128).jpg,640,640
lience_plate,133,115,358,78, (1280).jpg,640,640
lience_plate,113,54,345,184, (1281).jpg,640,640
lience_plate,208,287,208,82, (1282).jpg,640,640
lience_plate,176,144,292,207, (1283).jpg,640,640
lience_plate,82,156,384,93, (1284).jpg,640,640
lience_plate,0,146,633,266, (1285).jpg,640,640
lience_plate,137,229,384,109, (1286).jpg,640,640
lience_plate,105,184,333,140, (1287).jpg,640,640
lience_plate,106,204,350,89, (1288).jpg,640,640
lience_plate,245,225,129,78, (1289).jpg,640,640
lience_plate,202,115,123,157, (129).jpg,640,640
lience_plate,0,86,449,217, (1290).jpg,640,640
lience_plate,137,105,259,135, (1291).jpg,640,640
lience_plate,147,166,280,64, (1292).jpg,640,640
lience_plate,221,156,198,50, (1293).jpg,640,640
lience_plate,98,140,371,78, (1294).jpg,640,640
lience_plate,191,214,214,122, (1295).jpg,640,640
lience_plate,108,112,290,143, (1296).jpg,640,640
lience_plate,132,193,443,99, (1297).jpg,640,640
lience_plate,214,382,205,96, (1298).jpg,640,640
lience_plate,0,150,581,135, (1299).jpg,640,640
lience_plate,280,285,132,54, (13).jpg,640,640
lience_plate,246,177,106,146, (130).jpg,640,640
lience_plate,155,211,289,69, (1300).jpg,640,640
lience_plate,157,151,309,165, (1301).jpg,640,640
lience_plate,218,141,197,129, (1302).jpg,640,640
lience_plate,242,263,242,81, (1303).jpg,640,640
lience_plate,184,195,285,62, (1304).jpg,640,640
lience_plate,115,249,324,67, (1305).jpg,640,640
lience_plate,181,279,242,62, (1306).jpg,640,640
lience_plate,149,256,290,68, (1307).jpg,640,640
lience_plate,204,210,214,47, (1308).jpg,640,640
lience_plate,236,208,228,68, (1309).jpg,640,640
lience_plate,178,103,133,171, (131).jpg,640,640
lience_plate,234,327,185,101, (1310).jpg,640,640
lience_plate,55,225,472,86, (1311).jpg,640,640
lience_plate,268,188,152,91, (1312).jpg,640,640
lience_plate,113,238,295,58, (1313).jpg,640,640
lience_plate,0,212,551,103, (1314).jpg,640,640
lience_plate,6,163,572,119, (1315).jpg,640,640
lience_plate,212,222,253,126, (1316).jpg,640,640
lience_plate,156,217,299,133, (1317).jpg,640,640
lience_plate,113,268,278,82, (1318).jpg,640,640
lience_plate,57,106,583,139, (1319).jpg,640,640
lience_plate,333,218,110,150, (132).jpg,640,640
lience_plate,103,161,415,81, (1320).jpg,640,640
lience_plate,163,262,340,68, (1321).jpg,640,640
lience_plate,51,161,439,109, (1322).jpg,640,640
lience_plate,51,64,399,276, (1323).jpg,640,640
lience_plate,127,229,392,96, (1324).jpg,640,640
lience_plate,215,309,156,84, (1325).jpg,640,640
lience_plate,156,136,367,173, (1326).jpg,640,640
lience_plate,81,234,479,85, (1327).jpg,640,640
lience_plate,259,161,197,61, (1328).jpg,640,640
lience_plate,221,176,302,163, (1329).jpg,640,640
lience_plate,231,190,99,123, (133).jpg,640,640
lience_plate,143,161,283,78, (1330).jpg,640,640
lience_plate,241,293,167,81, (1331).jpg,640,640
lience_plate,219,62,174,115, (1332).jpg,640,640
lience_plate,180,147,282,156, (1333).jpg,640,640
lience_plate,109,170,372,72, (1334).jpg,640,640
lience_plate,65,244,439,76, (1335).jpg,640,640
lience_plate,164,241,328,64, (1336).jpg,640,640
lience_plate,227,59,210,47, (1337).jpg,640,640
lience_plate,0,160,578,188, (1338).jpg,640,640
lience_plate,35,92,501,221, (1339).jpg,640,640
lience_plate,253,160,120,154, (134).jpg,640,640
lience_plate,268,147,251,146, (1340).jpg,640,640
lience_plate,272,229,101,81, (1341).jpg,640,640
lience_plate,194,217,273,129, (1342).jpg,640,640
lience_plate,204,190,109,79, (1343).jpg,640,640
lience_plate,153,276,109,72, (1344).jpg,640,640
lience_plate,208,194,103,74, (1345).jpg,640,640
lience_plate,382,164,195,81, (1346).jpg,640,640
lience_plate,212,262,153,89, (1347).jpg,640,640
lience_plate,112,278,388,69, (1348).jpg,640,640
lience_plate,228,273,110,68, (1349).jpg,640,640
lience_plate,272,256,133,176, (135).jpg,640,640
lience_plate,293,224,120,76, (1350).jpg,640,640
lience_plate,219,304,181,50, (1351).jpg,640,640
lience_plate,222,292,180,42, (1352).jpg,640,640
lience_plate,102,278,438,75, (1353).jpg,640,640
lience_plate,214,194,210,44, (1354).jpg,640,640
lience_plate,297,151,42,28, (1355).jpg,640,640
lience_plate,198,219,302,130, (1356).jpg,640,640
lience_plate,153,164,181,102, (1357).jpg,640,640
lience_plate,236,135,183,113, (1358).jpg,640,640
lience_plate,211,248,279,55, (1359).jpg,640,640
lience_plate,198,108,125,157, (136).jpg,640,640
lience_plate,227,207,195,105, (1360).jpg,640,640
lience_plate,185,358,238,52, (1361).jpg,640,640
lience_plate,176,426,279,50, (1362).jpg,640,640
lience_plate,217,195,217,120, (1363).jpg,640,640
lience_plate,168,61,255,161, (1364).jpg,640,640
lience_plate,207,130,244,129, (1365).jpg,640,640
lience_plate,129,231,338,74, (1366).jpg,640,640
lience_plate,285,229,137,108, (1367).jpg,640,640
lience_plate,181,314,283,61, (1368).jpg,640,640
lience_plate,178,320,218,38, (1369).jpg,640,640
lience_plate,176,45,109,130, (137).jpg,640,640
lience_plate,159,302,218,44, (1370).jpg,640,640
lience_plate,185,323,227,44, (1371).jpg,640,640
lience_plate,214,177,170,109, (1372).jpg,640,640
lience_plate,173,177,279,144, (1373).jpg,640,640
lience_plate,132,360,370,84, (1374).jpg,640,640
lience_plate,183,241,297,59, (1375).jpg,640,640
lience_plate,161,144,153,105, (1376).jpg,640,640
lience_plate,211,265,333,42, (1377).jpg,640,640
lience_plate,157,353,293,81, (1378).jpg,640,640
lience_plate,115,171,204,92, (1379).jpg,640,640
lience_plate,285,183,116,136, (138).jpg,640,640
lience_plate,231,167,171,106, (1380).jpg,640,640
lience_plate,201,194,205,113, (1381).jpg,640,640
lience_plate,202,227,217,45, (1382).jpg,640,640
lience_plate,170,242,251,61, (1383).jpg,640,640
lience_plate,218,214,205,129, (1384).jpg,640,640
lience_plate,149,362,316,127, (1385).jpg,640,640
lience_plate,228,259,142,69, (1386).jpg,640,640
lience_plate,86,297,477,161, (1387).jpg,640,640
lience_plate,194,210,307,51, (1388).jpg,640,640
lience_plate,282,195,143,38, (1389).jpg,640,640
lience_plate,234,93,123,149, (139).jpg,640,640
lience_plate,194,225,279,64, (1390).jpg,640,640
lience_plate,163,378,211,45, (1391).jpg,640,640
lience_plate,190,276,241,45, (1392).jpg,640,640
lience_plate,184,296,218,45, (1393).jpg,640,640
lience_plate,178,299,242,42, (1394).jpg,640,640
lience_plate,156,202,238,40, (1395).jpg,640,640
lience_plate,218,190,210,51, (1396).jpg,640,640
lience_plate,191,341,244,40, (1397).jpg,640,640
lience_plate,101,280,445,75, (1398).jpg,640,640
lience_plate,251,258,168,93, (1399).jpg,640,640
lience_plate,34,350,579,61, (14).jpg,640,640
lience_plate,194,58,143,167, (140).jpg,640,640
lience_plate,163,293,314,55, (1400).jpg,640,640
lience_plate,133,173,171,50, (1401).jpg,640,640
lience_plate,185,317,293,48, (1402).jpg,640,640
lience_plate,159,317,239,50, (1403).jpg,640,640
lience_plate,236,313,269,55, (1404).jpg,640,640
lience_plate,330,276,142,86, (1405).jpg,640,640
lience_plate,153,316,378,68, (1406).jpg,640,640
lience_plate,245,218,156,52, (1407).jpg,640,640
lience_plate,241,198,146,84, (1408).jpg,640,640
lience_plate,170,279,316,54, (1409).jpg,640,640
lience_plate,232,194,102,123, (141).jpg,640,640
lience_plate,276,160,102,64, (1410).jpg,640,640
lience_plate,232,241,159,82, (1411).jpg,640,640
lience_plate,177,220,60,41, (1412).jpg,640,640
lience_plate,234,238,160,82, (1413).jpg,640,640
lience_plate,214,91,218,132, (1414).jpg,640,640
lience_plate,293,228,122,71, (1415).jpg,640,640
lience_plate,144,289,177,65, (1416).jpg,640,640
lience_plate,224,238,174,99, (1417).jpg,640,640
lience_plate,164,178,160,95, (1418).jpg,640,640
lience_plate,215,192,218,85, (1419).jpg,640,640
lience_plate,254,137,92,122, (142).jpg,640,640
lience_plate,135,338,309,61, (1420).jpg,640,640
lience_plate,217,205,112,61, (1421).jpg,640,640
lience_plate,277,320,181,82, (1422).jpg,640,640
lience_plate,177,279,253,73, (1423).jpg,640,640
lience_plate,329,295,103,72, (1424).jpg,640,640
lience_plate,116,306,304,72, (1425).jpg,640,640
lience_plate,229,208,161,127, (1426).jpg,640,640
lience_plate,225,178,222,119, (1427).jpg,640,640
lience_plate,142,255,218,47, (1428).jpg,640,640
lience_plate,204,140,153,102, (1429).jpg,640,640
lience_plate,276,293,127,159, (143).jpg,640,640
lience_plate,135,253,304,64, (1430).jpg,640,640
lience_plate,251,218,139,79, (1431).jpg,640,640
lience_plate,195,330,282,55, (1432).jpg,640,640
lience_plate,205,287,312,136, (1433).jpg,640,640
lience_plate,244,153,133,103, (1434).jpg,640,640
lience_plate,178,268,307,65, (1435).jpg,640,640
lience_plate,268,239,147,82, (1436).jpg,640,640
lience_plate,224,306,174,42, (1437).jpg,640,640
lience_plate,222,296,178,41, (1438).jpg,640,640
lience_plate,108,235,443,115, (1439).jpg,640,640
lience_plate,211,408,115,147, (144).jpg,640,640
lience_plate,178,190,282,71, (1440).jpg,640,640
lience_plate,171,278,183,55, (1441).jpg,640,640
lience_plate,278,280,168,115, (1442).jpg,640,640
lience_plate,166,248,146,65, (1443).jpg,640,640
lience_plate,198,221,285,101, (1444).jpg,640,640
lience_plate,263,299,235,96, (1445).jpg,640,640
lience_plate,201,259,184,86, (1446).jpg,640,640
lience_plate,161,331,207,99, (1447).jpg,640,640
lience_plate,236,218,140,108, (1448).jpg,640,640
lience_plate,181,244,119,92, (1449).jpg,640,640
lience_plate,229,262,118,152, (145).jpg,640,640
lience_plate,326,176,109,92, (1450).jpg,640,640
lience_plate,149,184,137,79, (1451).jpg,640,640
lience_plate,93,362,370,99, (1452).jpg,640,640
lience_plate,163,156,263,143, (1453).jpg,640,640
lience_plate,234,221,214,103, (1454).jpg,640,640
lience_plate,231,153,127,86, (1455).jpg,640,640
lience_plate,173,99,198,120, (1456).jpg,640,640
lience_plate,218,234,327,58, (1457).jpg,640,640
lience_plate,180,263,307,62, (1458).jpg,640,640
lience_plate,112,278,401,65, (1459).jpg,640,640
lience_plate,347,316,139,188, (146).jpg,640,640
lience_plate,201,211,120,91, (1460).jpg,640,640
lience_plate,166,344,321,68, (1461).jpg,640,640
lience_plate,234,197,187,108, (1462).jpg,640,640
lience_plate,123,319,362,65, (1463).jpg,640,640
lience_plate,183,194,210,135, (1464).jpg,640,640
lience_plate,163,198,263,123, (1465).jpg,640,640
lience_plate,163,323,246,57, (1466).jpg,640,640
lience_plate,358,199,47,14, (1467).jpg,640,640
lience_plate,314,184,119,81, (1468).jpg,640,640
lience_plate,320,183,116,82, (1469).jpg,640,640
lience_plate,190,283,140,171, (147).jpg,640,640
lience_plate,161,314,89,59, (1470).jpg,640,640
lience_plate,119,98,283,71, (1471).jpg,640,640
lience_plate,176,101,195,113, (1472).jpg,640,640
lience_plate,252,173,133,74, (1473).jpg,640,640
lience_plate,140,323,306,57, (1474).jpg,640,640
lience_plate,166,290,163,54, (1475).jpg,640,640
lience_plate,119,217,280,144, (1476).jpg,640,640
lience_plate,6,262,239,122, (1477).jpg,640,640
lience_plate,123,261,338,68, (1478).jpg,640,640
lience_plate,262,197,101,62, (1479).jpg,640,640
lience_plate,276,312,137,159, (148).jpg,640,640
lience_plate,229,238,300,84, (1480).jpg,640,640
lience_plate,285,196,47,32, (1481).jpg,640,640
lience_plate,259,204,55,37, (1482).jpg,640,640
lience_plate,358,106,37,35, (1483).jpg,640,640
lience_plate,190,229,112,76, (1484).jpg,640,640
lience_plate,200,270,350,69, (1485).jpg,640,640
lience_plate,263,217,119,74, (1486).jpg,640,640
lience_plate,328,182,54,35, (1487).jpg,640,640
lience_plate,177,279,330,55, (1488).jpg,640,640
lience_plate,248,264,135,29, (1489).jpg,640,640
lience_plate,334,168,127,178, (149).jpg,640,640
lience_plate,197,210,129,27, (1490).jpg,640,640
lience_plate,140,149,292,168, (1491).jpg,640,640
lience_plate,235,287,201,102, (1492).jpg,640,640
lience_plate,218,326,176,101, (1493).jpg,640,640
lience_plate,219,324,171,102, (1494).jpg,640,640
lience_plate,348,179,42,29, (1495).jpg,640,640
lience_plate,347,244,120,71, (1496).jpg,640,640
lience_plate,308,200,161,114, (1497).jpg,640,640
lience_plate,307,194,164,119, (1498).jpg,640,640
lience_plate,119,408,256,112, (1499).jpg,640,640
lience_plate,312,258,68,28, (15).jpg,640,640
lience_plate,219,364,127,156, (150).jpg,640,640
lience_plate,119,415,258,103, (1500).jpg,640,640
lience_plate,120,405,255,115, (1501).jpg,640,640
lience_plate,211,169,77,32, (1502).jpg,640,640
lience_plate,334,286,139,71, (1503).jpg,640,640
lience_plate,218,185,132,91, (1504).jpg,640,640
lience_plate,212,187,137,98, (1505).jpg,640,640
lience_plate,317,136,129,115, (1506).jpg,640,640
lience_plate,262,241,129,98, (1508).jpg,640,640
lience_plate,231,303,235,44, (1509).jpg,640,640
lience_plate,300,120,105,149, (151).jpg,640,640
lience_plate,118,268,338,89, (1510).jpg,640,640
lience_plate,285,251,142,72, (1511).jpg,640,640
lience_plate,200,289,168,76, (1512).jpg,640,640
lience_plate,303,76,76,50, (1513).jpg,640,640
lience_plate,181,319,280,81, (1514).jpg,640,640
lience_plate,292,65,92,67, (1516).jpg,640,640
lience_plate,161,211,125,72, (1517).jpg,640,640
lience_plate,200,282,309,84, (1518).jpg,640,640
lience_plate,185,413,256,44, (1519).jpg,640,640
lience_plate,270,234,118,164, (152).jpg,640,640
lience_plate,110,371,354,72, (1520).jpg,640,640
lience_plate,173,314,270,52, (1521).jpg,640,640
lience_plate,164,150,293,161, (1522).jpg,640,640
lience_plate,313,258,143,82, (1523).jpg,640,640
lience_plate,215,242,108,92, (1524).jpg,640,640
lience_plate,193,183,295,65, (1525).jpg,640,640
lience_plate,248,215,93,75, (1526).jpg,640,640
lience_plate,170,307,164,58, (1527).jpg,640,640
lience_plate,210,358,212,41, (1528).jpg,640,640
lience_plate,171,344,225,65, (1529).jpg,640,640
lience_plate,246,221,116,133, (153).jpg,640,640
lience_plate,191,248,275,44, (1530).jpg,640,640
lience_plate,118,238,266,61, (1531).jpg,640,640
lience_plate,167,112,68,52, (1532).jpg,640,640
lience_plate,42,214,347,64, (1533).jpg,640,640
lience_plate,236,157,187,99, (1534).jpg,640,640
lience_plate,224,261,197,40, (1535).jpg,640,640
lience_plate,234,259,185,38, (1536).jpg,640,640
lience_plate,195,327,218,65, (1537).jpg,640,640
lience_plate,341,127,86,93, (1538).jpg,640,640
lience_plate,171,313,143,59, (1539).jpg,640,640
lience_plate,251,401,137,170, (154).jpg,640,640
lience_plate,115,261,440,113, (1540).jpg,640,640
lience_plate,140,328,161,59, (1541).jpg,640,640
lience_plate,212,259,272,81, (1542).jpg,640,640
lience_plate,72,195,261,108, (1543).jpg,640,640
lience_plate,202,249,161,91, (1544).jpg,640,640
lience_plate,102,293,130,61, (1545).jpg,640,640
lience_plate,147,300,299,61, (1546).jpg,640,640
lience_plate,218,295,149,101, (1547).jpg,640,640
lience_plate,245,341,395,140, (1548).jpg,640,640
lience_plate,133,285,238,71, (1549).jpg,640,640
lience_plate,204,118,118,136, (155).jpg,640,640
lience_plate,142,290,227,64, (1550).jpg,640,640
lience_plate,177,316,228,54, (1551).jpg,640,640
lience_plate,362,270,108,72, (1552).jpg,640,640
lience_plate,418,303,102,65, (1553).jpg,640,640
lience_plate,174,287,251,67, (1554).jpg,640,640
lience_plate,202,236,211,44, (1555).jpg,640,640
lience_plate,197,248,313,55, (1556).jpg,640,640
lience_plate,191,166,272,130, (1557).jpg,640,640
lience_plate,195,273,300,64, (1558).jpg,640,640
lience_plate,207,191,205,112, (1559).jpg,640,640
lience_plate,238,215,118,149, (156).jpg,640,640
lience_plate,261,159,149,89, (1560).jpg,640,640
lience_plate,190,127,152,81, (1561).jpg,640,640
lience_plate,235,125,168,96, (1562).jpg,640,640
lience_plate,238,177,170,102, (1563).jpg,640,640
lience_plate,239,181,176,96, (1564).jpg,640,640
lience_plate,163,115,221,136, (1565).jpg,640,640
lience_plate,299,119,156,98, (1566).jpg,640,640
lience_plate,248,319,167,98, (1567).jpg,640,640
lience_plate,245,236,219,99, (1568).jpg,640,640
lience_plate,181,330,307,50, (1569).jpg,640,640
lience_plate,231,217,95,122, (157).jpg,640,640
lience_plate,249,178,126,81, (1570).jpg,640,640
lience_plate,293,166,140,96, (1571).jpg,640,640
lience_plate,176,262,185,51, (1572).jpg,640,640
lience_plate,272,221,183,103, (1573).jpg,640,640
lience_plate,208,299,219,42, (1574).jpg,640,640
lience_plate,154,278,303,79, (1575).jpg,640,640
lience_plate,375,200,183,115, (1576).jpg,640,640
lience_plate,249,265,166,109, (1577).jpg,640,640
lience_plate,241,188,152,91, (1578).jpg,640,640
lience_plate,263,144,152,109, (1579).jpg,640,640
lience_plate,210,244,92,116, (158).jpg,640,640
lience_plate,285,229,133,89, (1580).jpg,640,640
lience_plate,58,211,474,265, (1581).jpg,640,640
lience_plate,85,262,445,255, (1582).jpg,640,640
lience_plate,96,200,440,258, (1583).jpg,640,640
lience_plate,61,211,494,306, (1584).jpg,640,640
lience_plate,74,207,460,278, (1585).jpg,640,640
lience_plate,75,210,467,285, (1586).jpg,640,640
lience_plate,54,200,503,285, (1587).jpg,640,640
lience_plate,13,219,524,306, (1588).jpg,640,640
lience_plate,58,255,467,269, (1589).jpg,640,640
lience_plate,193,183,118,153, (159).jpg,640,640
lience_plate,44,262,467,270, (1590).jpg,640,640
lience_plate,55,265,474,278, (1591).jpg,640,640
lience_plate,54,299,430,256, (1592).jpg,640,640
lience_plate,74,246,484,270, (1593).jpg,640,640
lience_plate,82,253,479,269, (1594).jpg,640,640
lience_plate,79,224,425,242, (1595).jpg,640,640
lience_plate,92,312,353,210, (1596).jpg,640,640
lience_plate,122,319,413,248, (1597).jpg,640,640
lience_plate,81,297,459,263, (1598).jpg,640,640
lience_plate,24,217,521,295, (1599).jpg,640,640
lience_plate,143,389,355,108, (16).jpg,640,640
lience_plate,280,200,118,157, (160).jpg,640,640
lience_plate,68,273,497,287, (1600).jpg,640,640
lience_plate,244,269,89,126, (161).jpg,640,640
lience_plate,205,236,136,173, (162).jpg,640,640
lience_plate,224,224,95,126, (163).jpg,640,640
lience_plate,355,259,126,166, (164).jpg,640,640
lience_plate,205,217,125,164, (165).jpg,640,640
lience_plate,292,275,130,170, (166).jpg,640,640
lience_plate,235,283,86,119, (167).jpg,640,640
lience_plate,222,286,108,127, (168).jpg,640,640
lience_plate,188,227,118,163, (169).jpg,640,640
lience_plate,246,312,164,61, (17).jpg,640,640
lience_plate,184,164,125,161, (170).jpg,640,640
lience_plate,304,164,112,144, (171).jpg,640,640
lience_plate,248,177,122,168, (172).jpg,640,640
lience_plate,252,222,106,125, (173).jpg,640,640
lience_plate,208,236,123,154, (174).jpg,640,640
lience_plate,218,149,110,140, (175).jpg,640,640
lience_plate,296,197,96,120, (176).jpg,640,640
lience_plate,167,227,137,167, (177).jpg,640,640
lience_plate,286,212,96,115, (178).jpg,640,640
lience_plate,227,156,120,152, (179).jpg,640,640
lience_plate,375,289,122,164, (180).jpg,640,640
lience_plate,214,391,113,129, (181).jpg,640,640
lience_plate,221,84,113,143, (182).jpg,640,640
lience_plate,231,259,113,147, (183).jpg,640,640
lience_plate,293,278,120,152, (184).jpg,640,640
lience_plate,185,171,109,137, (185).jpg,640,640
lience_plate,244,309,101,136, (186).jpg,640,640
lience_plate,127,204,119,140, (187).jpg,640,640
lience_plate,319,477,102,127, (188).jpg,640,640
lience_plate,239,299,105,142, (189).jpg,640,640
lience_plate,266,304,154,31, (19).jpg,640,640
lience_plate,255,143,109,149, (190).jpg,640,640
lience_plate,287,229,116,152, (191).jpg,640,640
lience_plate,236,185,112,136, (192).jpg,640,640
lience_plate,268,328,101,135, (193).jpg,640,640
lience_plate,302,102,108,147, (194).jpg,640,640
lience_plate,231,187,93,122, (195).jpg,640,640
lience_plate,244,244,110,149, (196).jpg,640,640
lience_plate,227,137,125,173, (197).jpg,640,640
lience_plate,285,263,130,170, (198).jpg,640,640
lience_plate,210,225,91,112, (199).jpg,640,640
lience_plate,47,231,491,283, (2).jpg,640,640
lience_plate,217,354,202,38, (20).jpg,640,640
lience_plate,229,239,109,149, (200).jpg,640,640
lience_plate,238,217,91,113, (201).jpg,640,640
lience_plate,194,108,99,135, (202).jpg,640,640
lience_plate,262,235,118,166, (203).jpg,640,640
lience_plate,210,185,115,157, (204).jpg,640,640
lience_plate,170,101,105,132, (205).jpg,640,640
lience_plate,259,185,122,146, (206).jpg,640,640
lience_plate,231,303,116,143, (207).jpg,640,640
lience_plate,212,279,115,149, (208).jpg,640,640
lience_plate,259,163,95,119, (209).jpg,640,640
lience_plate,280,344,123,54, (21).jpg,640,640
lience_plate,218,266,120,159, (210).jpg,640,640
lience_plate,231,256,123,163, (211).jpg,640,640
lience_plate,292,231,119,154, (212).jpg,640,640
lience_plate,191,379,119,152, (213).jpg,640,640
lience_plate,249,174,108,135, (214).jpg,640,640
lience_plate,293,360,110,142, (215).jpg,640,640
lience_plate,295,262,113,152, (216).jpg,640,640
lience_plate,193,312,98,113, (217).jpg,640,640
lience_plate,290,334,105,122, (218).jpg,640,640
lience_plate,225,228,135,160, (219).jpg,640,640
lience_plate,190,146,109,144, (22).jpg,640,640
lience_plate,239,327,101,123, (220).jpg,640,640
lience_plate,266,156,89,118, (221).jpg,640,640
lience_plate,215,303,96,123, (222).jpg,640,640
lience_plate,232,113,113,157, (223).jpg,640,640
lience_plate,258,353,115,142, (224).jpg,640,640
lience_plate,160,4,126,150, (225).jpg,640,640
lience_plate,236,303,130,153, (226).jpg,640,640
lience_plate,177,353,119,164, (227).jpg,640,640
lience_plate,307,229,116,153, (228).jpg,640,640
lience_plate,242,255,122,154, (229).jpg,640,640
lience_plate,227,235,130,176, (23).jpg,640,640
lience_plate,183,278,119,154, (230).jpg,640,640
lience_plate,228,212,112,142, (231).jpg,640,640
lience_plate,197,197,115,152, (232).jpg,640,640
lience_plate,217,239,116,140, (233).jpg,640,640
lience_plate,193,238,116,137, (234).jpg,640,640
lience_plate,219,367,118,170, (235).jpg,640,640
lience_plate,249,205,106,142, (236).jpg,640,640
lience_plate,218,270,115,153, (237).jpg,640,640
lience_plate,236,385,108,136, (238).jpg,640,640
lience_plate,207,218,122,170, (239).jpg,640,640
lience_plate,255,42,116,160, (24).jpg,640,640
lience_plate,236,378,122,150, (240).jpg,640,640
lience_plate,224,191,109,147, (241).jpg,640,640
lience_plate,246,252,88,108, (242).jpg,640,640
lience_plate,227,292,126,171, (243).jpg,640,640
lience_plate,239,170,112,143, (244).jpg,640,640
lience_plate,228,262,115,150, (245).jpg,640,640
lience_plate,229,163,103,139, (246).jpg,640,640
lience_plate,300,263,99,127, (247).jpg,640,640
lience_plate,282,320,95,135, (248).jpg,640,640
lience_plate,201,142,126,174, (249).jpg,640,640
lience_plate,201,160,123,170, (25).jpg,640,640
lience_plate,207,309,116,146, (250).jpg,640,640
lience_plate,252,198,88,116, (251).jpg,640,640
lience_plate,218,225,106,143, (252).jpg,640,640
lience_plate,173,252,115,139, (253).jpg,640,640
lience_plate,276,361,92,123, (254).jpg,640,640
lience_plate,268,310,140,171, (255).jpg,640,640
lience_plate,176,289,125,156, (256).jpg,640,640
lience_plate,296,231,92,120, (257).jpg,640,640
lience_plate,263,201,112,149, (258).jpg,640,640
lience_plate,234,177,102,135, (259).jpg,640,640
lience_plate,241,154,118,153, (26).jpg,640,640
lience_plate,287,102,113,144, (260).jpg,640,640
lience_plate,231,176,105,135, (261).jpg,640,640
lience_plate,292,191,112,142, (262).jpg,640,640
lience_plate,251,224,122,171, (263).jpg,640,640
lience_plate,244,279,108,142, (264).jpg,640,640
lience_plate,214,125,110,150, (265).jpg,640,640
lience_plate,214,282,109,130, (266).jpg,640,640
lience_plate,217,84,122,156, (267).jpg,640,640
lience_plate,229,185,116,153, (268).jpg,640,640
lience_plate,251,81,123,146, (269).jpg,640,640
lience_plate,228,105,109,139, (27).jpg,640,640
lience_plate,194,263,99,108, (270).jpg,640,640
lience_plate,255,262,126,160, (271).jpg,640,640
lience_plate,282,347,110,144, (272).jpg,640,640
lience_plate,272,279,110,136, (273).jpg,640,640
lience_plate,248,217,93,118, (274).jpg,640,640
lience_plate,283,317,133,173, (275).jpg,640,640
lience_plate,256,259,108,143, (276).jpg,640,640
lience_plate,278,307,122,153, (277).jpg,640,640
lience_plate,251,205,108,143, (278).jpg,640,640
lience_plate,302,307,116,146, (279).jpg,640,640
lience_plate,266,273,244,96, (28).jpg,640,640
lience_plate,218,99,120,161, (280).jpg,640,640
lience_plate,241,244,115,149, (281).jpg,640,640
lience_plate,256,328,89,112, (282).jpg,640,640
lience_plate,265,306,132,171, (283).jpg,640,640
lience_plate,258,103,113,156, (284).jpg,640,640
lience_plate,210,310,112,144, (285).jpg,640,640
lience_plate,235,259,110,143, (286).jpg,640,640
lience_plate,238,289,95,120, (287).jpg,640,640
lience_plate,188,326,101,113, (288).jpg,640,640
lience_plate,239,306,119,157, (289).jpg,640,640
lience_plate,280,326,105,123, (29).jpg,640,640
lience_plate,249,187,95,118, (290).jpg,640,640
lience_plate,244,246,106,140, (291).jpg,640,640
lience_plate,253,375,119,154, (292).jpg,640,640
lience_plate,219,323,118,157, (293).jpg,640,640
lience_plate,214,152,113,144, (294).jpg,640,640
lience_plate,302,191,108,144, (295).jpg,640,640
lience_plate,201,72,120,157, (296).jpg,640,640
lience_plate,262,252,89,118, (297).jpg,640,640
lience_plate,273,319,112,143, (298).jpg,640,640
lience_plate,245,103,109,130, (299).jpg,640,640
lience_plate,61,212,425,239, (3).jpg,640,640
lience_plate,273,304,126,176, (30).jpg,640,640
lience_plate,235,152,115,150, (300).jpg,640,640
lience_plate,201,425,120,157, (301).jpg,640,640
lience_plate,103,231,116,149, (302).jpg,640,640
lience_plate,238,266,95,116, (303).jpg,640,640
lience_plate,150,167,110,157, (304).jpg,640,640
lience_plate,296,268,109,147, (305).jpg,640,640
lience_plate,202,50,120,161, (306).jpg,640,640
lience_plate,222,249,101,135, (307).jpg,640,640
lience_plate,255,227,98,118, (308).jpg,640,640
lience_plate,327,280,116,149, (309).jpg,640,640
lience_plate,221,331,222,88, (31).jpg,640,640
lience_plate,244,214,105,140, (310).jpg,640,640
lience_plate,198,221,106,136, (311).jpg,640,640
lience_plate,280,217,93,122, (312).jpg,640,640
lience_plate,161,324,101,119, (313).jpg,640,640
lience_plate,276,244,99,123, (314).jpg,640,640
lience_plate,235,333,98,123, (315).jpg,640,640
lience_plate,263,278,130,159, (316).jpg,640,640
lience_plate,259,336,125,150, (317).jpg,640,640
lience_plate,282,166,120,156, (318).jpg,640,640
lience_plate,214,188,106,135, (319).jpg,640,640
lience_plate,200,278,132,152, (32).jpg,640,640
lience_plate,368,259,115,143, (320).jpg,640,640
lience_plate,229,323,120,157, (321).jpg,640,640
lience_plate,143,345,112,142, (322).jpg,640,640
lience_plate,198,405,109,133, (323).jpg,640,640
lience_plate,227,245,95,125, (324).jpg,640,640
lience_plate,355,246,105,152, (325).jpg,640,640
lience_plate,184,194,118,157, (326).jpg,640,640
lience_plate,261,351,118,160, (327).jpg,640,640
lience_plate,360,419,110,142, (328).jpg,640,640
lience_plate,258,110,125,163, (329).jpg,640,640
lience_plate,273,418,112,133, (33).jpg,640,640
lience_plate,245,183,95,118, (330).jpg,640,640
lience_plate,236,231,101,122, (331).jpg,640,640
lience_plate,201,176,119,156, (332).jpg,640,640
lience_plate,239,108,120,144, (333).jpg,640,640
lience_plate,262,215,99,115, (334).jpg,640,640
lience_plate,289,295,89,115, (335).jpg,640,640
lience_plate,296,232,91,120, (336).jpg,640,640
lience_plate,231,350,127,178, (337).jpg,640,640
lience_plate,231,241,98,135, (338).jpg,640,640
lience_plate,303,193,126,161, (339).jpg,640,640
lience_plate,231,338,215,78, (34).jpg,640,640
lience_plate,269,415,105,135, (340).jpg,640,640
lience_plate,214,320,126,153, (341).jpg,640,640
lience_plate,244,249,110,139, (342).jpg,640,640
lience_plate,268,140,120,159, (343).jpg,640,640
lience_plate,245,286,95,116, (344).jpg,640,640
lience_plate,207,248,110,150, (345).jpg,640,640
lience_plate,321,225,118,147, (346).jpg,640,640
lience_plate,208,217,101,140, (347).jpg,640,640
lience_plate,285,214,115,144, (348).jpg,640,640
lience_plate,242,219,122,152, (349).jpg,640,640
lience_plate,170,449,123,144, (35).jpg,640,640
lience_plate,289,168,86,113, (350).jpg,640,640
lience_plate,157,217,116,153, (351).jpg,640,640
lience_plate,261,61,120,147, (352).jpg,640,640
lience_plate,173,372,102,119, (353).jpg,640,640
lience_plate,236,208,93,122, (354).jpg,640,640
lience_plate,248,261,127,163, (355).jpg,640,640
lience_plate,293,328,115,136, (356).jpg,640,640
lience_plate,201,84,109,146, (357).jpg,640,640
lience_plate,235,140,112,144, (358).jpg,640,640
lience_plate,256,194,132,159, (359).jpg,640,640
lience_plate,173,344,296,81, (36).jpg,640,640
lience_plate,248,327,96,118, (360).jpg,640,640
lience_plate,255,245,118,150, (361).jpg,640,640
lience_plate,211,286,118,147, (362).jpg,640,640
lience_plate,194,227,108,133, (363).jpg,640,640
lience_plate,299,211,116,146, (364).jpg,640,640
lience_plate,239,208,95,109, (365).jpg,640,640
lience_plate,255,242,103,140, (366).jpg,640,640
lience_plate,252,211,123,154, (367).jpg,640,640
lience_plate,303,303,137,180, (368).jpg,640,640
lience_plate,197,147,133,171, (369).jpg,640,640
lience_plate,202,72,116,152, (37).jpg,640,640
lience_plate,293,273,127,161, (370).jpg,640,640
lience_plate,258,231,103,125, (371).jpg,640,640
lience_plate,343,253,129,171, (372).jpg,640,640
lience_plate,258,156,120,154, (373).jpg,640,640
lience_plate,249,306,98,127, (374).jpg,640,640
lience_plate,246,235,120,157, (375).jpg,640,640
lience_plate,232,156,135,163, (376).jpg,640,640
lience_plate,367,290,109,152, (377).jpg,640,640
lience_plate,231,154,122,159, (378).jpg,640,640
lience_plate,217,84,119,156, (379).jpg,640,640
lience_plate,272,316,123,152, (38).jpg,640,640
lience_plate,241,122,120,159, (380).jpg,640,640
lience_plate,258,92,120,147, (381).jpg,640,640
lience_plate,259,330,110,147, (382).jpg,640,640
lience_plate,263,262,93,110, (383).jpg,640,640
lience_plate,256,101,106,135, (384).jpg,640,640
lience_plate,253,268,119,150, (385).jpg,640,640
lience_plate,177,290,115,146, (386).jpg,640,640
lience_plate,268,273,130,167, (387).jpg,640,640
lience_plate,245,374,125,149, (388).jpg,640,640
lience_plate,208,323,123,176, (389).jpg,640,640
lience_plate,211,225,106,147, (39).jpg,640,640
lience_plate,347,348,105,127, (390).jpg,640,640
lience_plate,219,313,122,150, (391).jpg,640,640
lience_plate,245,207,123,161, (392).jpg,640,640
lience_plate,229,235,125,170, (393).jpg,640,640
lience_plate,333,167,108,142, (394).jpg,640,640
lience_plate,293,227,98,126, (395).jpg,640,640
lience_plate,246,123,106,135, (396).jpg,640,640
lience_plate,200,157,98,116, (397).jpg,640,640
lience_plate,266,299,112,137, (398).jpg,640,640
lience_plate,242,299,98,127, (399).jpg,640,640
lience_plate,35,144,518,295, (4).jpg,640,640
lience_plate,197,314,273,110, (40).jpg,640,640
lience_plate,255,300,119,150, (400).jpg,640,640
lience_plate,249,268,113,142, (401).jpg,640,640
lience_plate,246,256,86,109, (402).jpg,640,640
lience_plate,246,278,133,171, (403).jpg,640,640
lience_plate,345,205,118,154, (404).jpg,640,640
lience_plate,344,282,113,147, (405).jpg,640,640
lience_plate,224,89,110,147, (406).jpg,640,640
lience_plate,200,265,130,164, (407).jpg,640,640
lience_plate,227,270,112,140, (408).jpg,640,640
lience_plate,214,269,89,118, (409).jpg,640,640
lience_plate,256,309,118,160, (41).jpg,640,640
lience_plate,219,261,118,157, (410).jpg,640,640
lience_plate,219,241,119,152, (411).jpg,640,640
lience_plate,268,402,115,147, (412).jpg,640,640
lience_plate,278,279,129,174, (413).jpg,640,640
lience_plate,236,242,118,152, (414).jpg,640,640
lience_plate,202,126,118,146, (415).jpg,640,640
lience_plate,333,191,119,137, (416).jpg,640,640
lience_plate,268,193,116,153, (417).jpg,640,640
lience_plate,185,142,109,157, (418).jpg,640,640
lience_plate,272,316,91,112, (419).jpg,640,640
lience_plate,273,272,116,149, (42).jpg,640,640
lience_plate,272,24,123,154, (420).jpg,640,640
lience_plate,307,69,106,133, (421).jpg,640,640
lience_plate,278,221,110,142, (422).jpg,640,640
lience_plate,285,143,118,152, (423).jpg,640,640
lience_plate,232,326,122,147, (424).jpg,640,640
lience_plate,232,228,135,157, (425).jpg,640,640
lience_plate,193,300,136,163, (426).jpg,640,640
lience_plate,241,249,113,152, (427).jpg,640,640
lience_plate,255,75,122,168, (428).jpg,640,640
lience_plate,286,171,93,116, (429).jpg,640,640
lience_plate,283,171,109,137, (43).jpg,640,640
lience_plate,266,139,106,137, (430).jpg,640,640
lience_plate,214,279,122,154, (431).jpg,640,640
lience_plate,253,210,95,118, (432).jpg,640,640
lience_plate,238,290,118,152, (433).jpg,640,640
lience_plate,229,327,84,106, (434).jpg,640,640
lience_plate,177,150,112,140, (435).jpg,640,640
lience_plate,222,290,120,161, (436).jpg,640,640
lience_plate,236,300,98,119, (437).jpg,640,640
lience_plate,255,200,95,113, (438).jpg,640,640
lience_plate,303,333,99,136, (439).jpg,640,640
lience_plate,194,336,269,99, (44).jpg,640,640
lience_plate,275,69,105,140, (440).jpg,640,640
lience_plate,222,292,127,164, (441).jpg,640,640
lience_plate,269,388,112,139, (442).jpg,640,640
lience_plate,296,242,129,167, (443).jpg,640,640
lience_plate,290,361,119,149, (444).jpg,640,640
lience_plate,234,382,115,143, (445).jpg,640,640
lience_plate,259,207,85,115, (446).jpg,640,640
lience_plate,164,357,105,119, (447).jpg,640,640
lience_plate,198,188,112,150, (448).jpg,640,640
lience_plate,276,343,113,161, (449).jpg,640,640
lience_plate,316,313,127,178, (45).jpg,640,640
lience_plate,144,287,120,149, (450).jpg,640,640
lience_plate,391,378,127,178, (451).jpg,640,640
lience_plate,323,399,108,137, (452).jpg,640,640
lience_plate,259,384,119,149, (453).jpg,640,640
lience_plate,234,238,108,147, (454).jpg,640,640
lience_plate,210,161,120,157, (455).jpg,640,640
lience_plate,249,218,113,140, (456).jpg,640,640
lience_plate,227,198,115,159, (457).jpg,640,640
lience_plate,239,205,109,142, (458).jpg,640,640
lience_plate,207,178,108,137, (459).jpg,640,640
lience_plate,251,330,120,159, (46).jpg,640,640
lience_plate,227,154,110,137, (460).jpg,640,640
lience_plate,204,221,110,143, (461).jpg,640,640
lience_plate,228,127,123,159, (462).jpg,640,640
lience_plate,173,285,119,152, (463).jpg,640,640
lience_plate,205,248,123,156, (464).jpg,640,640
lience_plate,221,263,130,174, (465).jpg,640,640
lience_plate,249,392,109,139, (466).jpg,640,640
lience_plate,292,195,103,135, (467).jpg,640,640
lience_plate,328,229,113,156, (468).jpg,640,640
lience_plate,307,120,105,135, (469).jpg,640,640
lience_plate,276,218,119,143, (47).jpg,640,640
lience_plate,258,149,106,139, (470).jpg,640,640
lience_plate,190,219,116,150, (471).jpg,640,640
lience_plate,225,92,116,153, (472).jpg,640,640
lience_plate,218,280,135,178, (473).jpg,640,640
lience_plate,238,353,125,156, (474).jpg,640,640
lience_plate,195,343,118,156, (475).jpg,640,640
lience_plate,292,178,106,139, (476).jpg,640,640
lience_plate,336,309,116,147, (477).jpg,640,640
lience_plate,201,184,118,142, (478).jpg,640,640
lience_plate,268,0,119,142, (479).jpg,640,640
lience_plate,191,286,126,156, (48).jpg,640,640
lience_plate,261,428,129,156, (480).jpg,640,640
lience_plate,328,132,118,161, (481).jpg,640,640
lience_plate,297,208,125,166, (482).jpg,640,640
lience_plate,266,228,99,129, (483).jpg,640,640
lience_plate,236,253,112,132, (484).jpg,640,640
lience_plate,248,112,112,140, (485).jpg,640,640
lience_plate,244,353,116,133, (486).jpg,640,640
lience_plate,269,140,109,143, (487).jpg,640,640
lience_plate,272,202,127,166, (488).jpg,640,640
lience_plate,246,201,108,139, (489).jpg,640,640
lience_plate,235,178,115,136, (49).jpg,640,640
lience_plate,251,152,108,137, (490).jpg,640,640
lience_plate,214,466,123,144, (491).jpg,640,640
lience_plate,256,278,116,147, (492).jpg,640,640
lience_plate,187,144,112,140, (493).jpg,640,640
lience_plate,248,149,125,152, (494).jpg,640,640
lience_plate,218,326,123,149, (495).jpg,640,640
lience_plate,194,238,119,157, (496).jpg,640,640
lience_plate,270,157,108,132, (497).jpg,640,640
lience_plate,354,259,130,173, (498).jpg,640,640
lience_plate,171,266,116,147, (499).jpg,640,640
lience_plate,227,350,236,102, (5).jpg,640,640
lience_plate,256,286,116,150, (50).jpg,640,640
lience_plate,278,136,96,115, (500).jpg,640,640
lience_plate,224,348,115,152, (501).jpg,640,640
lience_plate,219,142,112,149, (502).jpg,640,640
lience_plate,259,268,122,149, (503).jpg,640,640
lience_plate,246,321,120,133, (504).jpg,640,640
lience_plate,235,235,135,167, (505).jpg,640,640
lience_plate,244,236,110,137, (506).jpg,640,640
lience_plate,285,194,120,157, (507).jpg,640,640
lience_plate,193,185,123,157, (508).jpg,640,640
lience_plate,197,132,120,163, (509).jpg,640,640
lience_plate,195,272,112,139, (51).jpg,640,640
lience_plate,224,227,99,133, (510).jpg,640,640
lience_plate,170,159,136,173, (511).jpg,640,640
lience_plate,255,297,120,157, (512).jpg,640,640
lience_plate,256,368,106,132, (513).jpg,640,640
lience_plate,275,314,120,159, (514).jpg,640,640
lience_plate,241,178,112,156, (515).jpg,640,640
lience_plate,207,350,112,150, (516).jpg,640,640
lience_plate,270,136,103,140, (517).jpg,640,640
lience_plate,183,261,118,157, (518).jpg,640,640
lience_plate,214,88,110,146, (519).jpg,640,640
lience_plate,248,208,110,147, (52).jpg,640,640
lience_plate,304,210,110,150, (520).jpg,640,640
lience_plate,361,188,109,140, (521).jpg,640,640
lience_plate,278,479,119,147, (522).jpg,640,640
lience_plate,252,136,108,136, (523).jpg,640,640
lience_plate,208,279,118,161, (524).jpg,640,640
lience_plate,276,242,122,161, (525).jpg,640,640
lience_plate,252,261,122,154, (526).jpg,640,640
lience_plate,238,221,105,132, (527).jpg,640,640
lience_plate,253,214,106,146, (528).jpg,640,640
lience_plate,290,265,112,140, (529).jpg,640,640
lience_plate,266,249,105,136, (53).jpg,640,640
lience_plate,234,160,110,133, (530).jpg,640,640
lience_plate,221,214,120,147, (531).jpg,640,640
lience_plate,159,273,119,146, (532).jpg,640,640
lience_plate,297,408,110,129, (533).jpg,640,640
lience_plate,317,348,120,163, (534).jpg,640,640
lience_plate,211,149,113,144, (535).jpg,640,640
lience_plate,276,307,99,125, (536).jpg,640,640
lience_plate,229,323,108,147, (537).jpg,640,640
lience_plate,246,190,119,154, (538).jpg,640,640
lience_plate,177,462,122,142, (539).jpg,640,640
lience_plate,222,225,108,135, (54).jpg,640,640
lience_plate,249,265,130,156, (540).jpg,640,640
lience_plate,190,212,127,167, (541).jpg,640,640
lience_plate,323,255,119,146, (542).jpg,640,640
lience_plate,310,249,113,152, (543).jpg,640,640
lience_plate,231,154,103,137, (544).jpg,640,640
lience_plate,245,109,110,150, (545).jpg,640,640
lience_plate,202,71,116,150, (546).jpg,640,640
lience_plate,207,191,112,150, (547).jpg,640,640
lience_plate,194,289,126,176, (548).jpg,640,640
lience_plate,282,285,119,146, (549).jpg,640,640
lience_plate,234,266,125,154, (55).jpg,640,640
lience_plate,245,365,126,153, (550).jpg,640,640
lience_plate,256,170,92,123, (551).jpg,640,640
lience_plate,245,350,116,152, (552).jpg,640,640
lience_plate,241,295,101,123, (553).jpg,640,640
lience_plate,316,120,122,159, (554).jpg,640,640
lience_plate,188,449,144,178, (555).jpg,640,640
lience_plate,297,310,120,144, (556).jpg,640,640
lience_plate,269,340,127,163, (557).jpg,640,640
lience_plate,211,103,105,140, (558).jpg,640,640
lience_plate,251,310,119,153, (559).jpg,640,640
lience_plate,229,280,110,139, (56).jpg,640,640
lience_plate,225,272,108,143, (560).jpg,640,640
lience_plate,265,166,116,154, (561).jpg,640,640
lience_plate,269,402,112,160, (562).jpg,640,640
lience_plate,152,425,130,161, (563).jpg,640,640
lience_plate,218,195,120,156, (564).jpg,640,640
lience_plate,174,180,116,143, (565).jpg,640,640
lience_plate,326,361,112,136, (566).jpg,640,640
lience_plate,227,65,110,142, (567).jpg,640,640
lience_plate,268,340,99,135, (568).jpg,640,640
lience_plate,286,239,122,159, (569).jpg,640,640
lience_plate,319,252,106,143, (57).jpg,640,640
lience_plate,285,184,96,115, (570).jpg,640,640
lience_plate,234,280,92,102, (571).jpg,640,640
lience_plate,244,231,101,135, (572).jpg,640,640
lience_plate,191,268,106,143, (573).jpg,640,640
lience_plate,229,227,96,116, (574).jpg,640,640
lience_plate,255,0,119,152, (575).jpg,640,640
lience_plate,168,161,109,143, (576).jpg,640,640
lience_plate,290,159,119,164, (577).jpg,640,640
lience_plate,256,130,120,157, (578).jpg,640,640
lience_plate,273,474,115,154, (579).jpg,640,640
lience_plate,316,282,126,168, (58).jpg,640,640
lience_plate,266,120,112,144, (580).jpg,640,640
lience_plate,259,170,116,150, (581).jpg,640,640
lience_plate,210,173,108,136, (582).jpg,640,640
lience_plate,245,286,89,109, (583).jpg,640,640
lience_plate,263,345,109,132, (584).jpg,640,640
lience_plate,238,300,110,152, (585).jpg,640,640
lience_plate,210,225,112,153, (586).jpg,640,640
lience_plate,178,119,118,147, (587).jpg,640,640
lience_plate,241,289,122,150, (588).jpg,640,640
lience_plate,191,304,112,144, (589).jpg,640,640
lience_plate,275,204,113,146, (59).jpg,640,640
lience_plate,234,327,130,168, (590).jpg,640,640
lience_plate,249,246,115,149, (591).jpg,640,640
lience_plate,251,168,116,149, (592).jpg,640,640
lience_plate,302,153,102,127, (593).jpg,640,640
lience_plate,241,191,109,139, (594).jpg,640,640
lience_plate,287,202,119,153, (595).jpg,640,640
lience_plate,293,300,91,115, (596).jpg,640,640
lience_plate,287,181,112,156, (597).jpg,640,640
lience_plate,212,195,119,160, (598).jpg,640,640
lience_plate,280,194,109,150, (599).jpg,640,640
lience_plate,123,388,201,86, (6).jpg,640,640
lience_plate,191,293,106,133, (60).jpg,640,640
lience_plate,249,153,118,157, (600).jpg,640,640
lience_plate,259,167,118,161, (601).jpg,640,640
lience_plate,289,295,120,154, (602).jpg,640,640
lience_plate,238,394,115,142, (603).jpg,640,640
lience_plate,285,208,99,132, (604).jpg,640,640
lience_plate,202,280,113,149, (605).jpg,640,640
lience_plate,278,228,120,147, (606).jpg,640,640
lience_plate,270,280,118,150, (607).jpg,640,640
lience_plate,270,188,92,123, (608).jpg,640,640
lience_plate,198,136,105,136, (609).jpg,640,640
lience_plate,208,167,109,135, (61).jpg,640,640
lience_plate,262,295,110,149, (610).jpg,640,640
lience_plate,268,125,116,142, (611).jpg,640,640
lience_plate,268,180,116,154, (612).jpg,640,640
lience_plate,227,408,112,142, (613).jpg,640,640
lience_plate,310,347,85,103, (614).jpg,640,640
lience_plate,245,319,120,156, (615).jpg,640,640
lience_plate,218,242,120,154, (616).jpg,640,640
lience_plate,229,221,110,137, (617).jpg,640,640
lience_plate,312,404,115,157, (618).jpg,640,640
lience_plate,266,317,126,160, (619).jpg,640,640
lience_plate,200,245,115,142, (62).jpg,640,640
lience_plate,248,234,115,160, (620).jpg,640,640
lience_plate,245,232,115,142, (621).jpg,640,640
lience_plate,228,163,96,116, (622).jpg,640,640
lience_plate,259,25,123,156, (623).jpg,640,640
lience_plate,234,249,108,154, (624).jpg,640,640
lience_plate,242,251,89,115, (625).jpg,640,640
lience_plate,246,276,92,125, (626).jpg,640,640
lience_plate,262,129,109,140, (627).jpg,640,640
lience_plate,234,193,126,168, (628).jpg,640,640
lience_plate,252,278,92,105, (629).jpg,640,640
lience_plate,235,300,102,123, (63).jpg,640,640
lience_plate,241,256,102,127, (630).jpg,640,640
lience_plate,285,296,125,167, (631).jpg,640,640
lience_plate,217,306,113,137, (632).jpg,640,640
lience_plate,278,341,112,136, (633).jpg,640,640
lience_plate,269,270,116,144, (634).jpg,640,640
lience_plate,161,396,115,150, (635).jpg,640,640
lience_plate,242,235,126,167, (636).jpg,640,640
lience_plate,265,388,85,102, (637).jpg,640,640
lience_plate,313,152,105,146, (638).jpg,640,640
lience_plate,218,229,108,133, (639).jpg,640,640
lience_plate,227,439,101,120, (64).jpg,640,640
lience_plate,263,217,91,118, (640).jpg,640,640
lience_plate,272,197,112,144, (641).jpg,640,640
lience_plate,231,91,101,130, (642).jpg,640,640
lience_plate,255,205,108,150, (643).jpg,640,640
lience_plate,286,328,122,156, (644).jpg,640,640
lience_plate,382,231,108,140, (645).jpg,640,640
lience_plate,357,310,106,146, (646).jpg,640,640
lience_plate,241,198,109,147, (647).jpg,640,640
lience_plate,217,164,96,127, (648).jpg,640,640
lience_plate,321,239,113,147, (649).jpg,640,640
lience_plate,219,115,102,140, (65).jpg,640,640
lience_plate,210,99,123,161, (650).jpg,640,640
lience_plate,244,174,93,115, (651).jpg,640,640
lience_plate,239,122,108,147, (652).jpg,640,640
lience_plate,211,125,105,135, (653).jpg,640,640
lience_plate,283,319,110,142, (654).jpg,640,640
lience_plate,161,249,102,122, (655).jpg,640,640
lience_plate,330,159,116,161, (656).jpg,640,640
lience_plate,236,238,108,144, (657).jpg,640,640
lience_plate,249,163,115,152, (658).jpg,640,640
lience_plate,313,296,108,137, (659).jpg,640,640
lience_plate,314,205,123,166, (66).jpg,640,640
lience_plate,316,187,110,150, (660).jpg,640,640
lience_plate,272,246,113,140, (661).jpg,640,640
lience_plate,266,239,112,150, (662).jpg,640,640
lience_plate,234,422,110,152, (663).jpg,640,640
lience_plate,314,214,103,136, (664).jpg,640,640
lience_plate,132,423,105,139, (665).jpg,640,640
lience_plate,292,238,116,150, (666).jpg,640,640
lience_plate,167,282,132,166, (667).jpg,640,640
lience_plate,328,252,109,147, (668).jpg,640,640
lience_plate,202,292,125,157, (669).jpg,640,640
lience_plate,224,221,101,118, (67).jpg,640,640
lience_plate,208,164,118,154, (670).jpg,640,640
lience_plate,224,144,84,113, (671).jpg,640,640
lience_plate,280,234,112,149, (672).jpg,640,640
lience_plate,143,241,116,147, (673).jpg,640,640
lience_plate,218,350,110,152, (674).jpg,640,640
lience_plate,280,211,120,150, (675).jpg,640,640
lience_plate,242,229,106,136, (676).jpg,640,640
lience_plate,255,253,116,144, (677).jpg,640,640
lience_plate,244,173,116,144, (678).jpg,640,640
lience_plate,183,310,127,167, (679).jpg,640,640
lience_plate,245,326,112,149, (68).jpg,640,640
lience_plate,181,190,115,139, (680).jpg,640,640
lience_plate,228,235,118,147, (681).jpg,640,640
lience_plate,219,168,119,157, (682).jpg,640,640
lience_plate,251,215,110,149, (683).jpg,640,640
lience_plate,231,394,93,113, (684).jpg,640,640
lience_plate,228,279,115,142, (685).jpg,640,640
lience_plate,261,251,86,118, (686).jpg,640,640
lience_plate,326,125,113,160, (687).jpg,640,640
lience_plate,239,275,110,146, (688).jpg,640,640
lience_plate,239,130,115,159, (689).jpg,640,640
lience_plate,259,285,115,152, (69).jpg,640,640
lience_plate,170,135,120,153, (690).jpg,640,640
lience_plate,191,258,108,139, (691).jpg,640,640
lience_plate,221,127,101,136, (692).jpg,640,640
lience_plate,258,47,112,142, (693).jpg,640,640
lience_plate,275,302,109,142, (694).jpg,640,640
lience_plate,261,153,103,136, (695).jpg,640,640
lience_plate,214,258,130,171, (696).jpg,640,640
lience_plate,205,406,112,156, (697).jpg,640,640
lience_plate,238,297,119,159, (698).jpg,640,640
lience_plate,61,268,110,142, (699).jpg,640,640
lience_plate,241,455,210,84, (7).jpg,640,640
lience_plate,265,184,95,120, (70).jpg,640,640
lience_plate,212,92,108,139, (700).jpg,640,640
lience_plate,273,210,125,163, (701).jpg,640,640
lience_plate,195,115,116,142, (702).jpg,640,640
lience_plate,218,231,96,120, (703).jpg,640,640
lience_plate,231,4,110,149, (704).jpg,640,640
lience_plate,372,135,120,159, (705).jpg,640,640
lience_plate,218,139,105,146, (706).jpg,640,640
lience_plate,256,132,119,157, (707).jpg,640,640
lience_plate,227,99,123,157, (708).jpg,640,640
lience_plate,217,113,105,136, (709).jpg,640,640
lience_plate,236,163,88,119, (71).jpg,640,640
lience_plate,210,381,110,130, (710).jpg,640,640
lience_plate,219,160,119,152, (711).jpg,640,640
lience_plate,229,357,132,168, (712).jpg,640,640
lience_plate,212,289,113,152, (713).jpg,640,640
lience_plate,214,112,102,130, (714).jpg,640,640
lience_plate,228,232,101,132, (715).jpg,640,640
lience_plate,234,177,119,164, (716).jpg,640,640
lience_plate,221,163,115,136, (717).jpg,640,640
lience_plate,253,161,103,139, (718).jpg,640,640
lience_plate,228,331,112,133, (719).jpg,640,640
lience_plate,229,116,116,164, (72).jpg,640,640
lience_plate,262,127,119,154, (720).jpg,640,640
lience_plate,272,344,112,142, (721).jpg,640,640
lience_plate,285,268,118,168, (722).jpg,640,640
lience_plate,225,159,103,127, (723).jpg,640,640
lience_plate,225,460,127,163, (724).jpg,640,640
lience_plate,249,358,122,152, (725).jpg,640,640
lience_plate,283,211,119,154, (726).jpg,640,640
lience_plate,259,360,122,166, (727).jpg,640,640
lience_plate,292,238,101,136, (728).jpg,640,640
lience_plate,350,217,109,154, (729).jpg,640,640
lience_plate,225,224,98,136, (73).jpg,640,640
lience_plate,245,176,102,133, (730).jpg,640,640
lience_plate,221,304,106,132, (731).jpg,640,640
lience_plate,219,212,106,146, (732).jpg,640,640
lience_plate,218,193,110,152, (733).jpg,640,640
lience_plate,275,197,88,119, (734).jpg,640,640
lience_plate,258,136,105,140, (735).jpg,640,640
lience_plate,231,211,101,135, (736).jpg,640,640
lience_plate,255,177,118,153, (737).jpg,640,640
lience_plate,328,154,105,149, (738).jpg,640,640
lience_plate,235,300,127,173, (739).jpg,640,640
lience_plate,222,127,110,146, (74).jpg,640,640
lience_plate,195,316,101,133, (740).jpg,640,640
lience_plate,286,144,93,112, (741).jpg,640,640
lience_plate,269,91,103,144, (742).jpg,640,640
lience_plate,236,246,116,150, (743).jpg,640,640
lience_plate,229,382,95,118, (744).jpg,640,640
lience_plate,221,279,125,170, (745).jpg,640,640
lience_plate,246,174,116,156, (746).jpg,640,640
lience_plate,343,228,103,139, (747).jpg,640,640
lience_plate,262,345,112,142, (748).jpg,640,640
lience_plate,269,62,108,143, (749).jpg,640,640
lience_plate,178,143,122,157, (75).jpg,640,640
lience_plate,239,140,115,156, (750).jpg,640,640
lience_plate,229,184,96,116, (751).jpg,640,640
lience_plate,312,201,113,142, (752).jpg,640,640
lience_plate,253,285,123,164, (753).jpg,640,640
lience_plate,202,327,88,108, (754).jpg,640,640
lience_plate,263,95,99,127, (755).jpg,640,640
lience_plate,310,362,120,153, (756).jpg,640,640
lience_plate,285,242,120,156, (757).jpg,640,640
lience_plate,269,129,85,108, (758).jpg,640,640
lience_plate,248,176,105,135, (759).jpg,640,640
lience_plate,249,317,99,108, (76).jpg,640,640
lience_plate,278,181,105,139, (760).jpg,640,640
lience_plate,355,276,112,144, (761).jpg,640,640
lience_plate,222,161,106,137, (762).jpg,640,640
lience_plate,212,193,106,136, (763).jpg,640,640
lience_plate,208,127,102,139, (764).jpg,640,640
lience_plate,211,91,103,136, (765).jpg,640,640
lience_plate,221,285,110,144, (766).jpg,640,640
lience_plate,282,351,119,168, (767).jpg,640,640
lience_plate,261,263,118,160, (768).jpg,640,640
lience_plate,241,385,118,154, (769).jpg,640,640
lience_plate,245,261,103,144, (77).jpg,640,640
lience_plate,215,222,123,152, (770).jpg,640,640
lience_plate,280,101,103,140, (771).jpg,640,640
lience_plate,249,272,89,115, (772).jpg,640,640
lience_plate,224,421,105,123, (773).jpg,640,640
lience_plate,236,76,119,164, (774).jpg,640,640
lience_plate,336,382,113,135, (775).jpg,640,640
lience_plate,268,244,86,119, (776).jpg,640,640
lience_plate,313,428,106,137, (777).jpg,640,640
lience_plate,227,343,102,135, (778).jpg,640,640
lience_plate,261,228,89,125, (779).jpg,640,640
lience_plate,343,130,96,130, (78).jpg,640,640
lience_plate,251,181,113,160, (780).jpg,640,640
lience_plate,249,130,123,152, (781).jpg,640,640
lience_plate,238,118,99,125, (782).jpg,640,640
lience_plate,210,295,110,143, (783).jpg,640,640
lience_plate,159,317,119,166, (784).jpg,640,640
lience_plate,137,185,109,146, (785).jpg,640,640
lience_plate,245,212,86,113, (786).jpg,640,640
lience_plate,235,234,89,108, (787).jpg,640,640
lience_plate,248,184,115,154, (788).jpg,640,640
lience_plate,214,159,85,108, (789).jpg,640,640
lience_plate,241,130,93,116, (79).jpg,640,640
lience_plate,221,228,92,123, (790).jpg,640,640
lience_plate,187,190,105,136, (791).jpg,640,640
lience_plate,268,252,118,156, (792).jpg,640,640
lience_plate,263,259,115,140, (793).jpg,640,640
lience_plate,275,279,103,142, (794).jpg,640,640
lience_plate,287,324,123,160, (795).jpg,640,640
lience_plate,235,402,88,112, (796).jpg,640,640
lience_plate,215,125,112,157, (797).jpg,640,640
lience_plate,231,405,101,116, (798).jpg,640,640
lience_plate,227,193,110,146, (799).jpg,640,640
lience_plate,115,360,211,82, (8).jpg,640,640
lience_plate,210,234,130,164, (80).jpg,640,640
lience_plate,120,377,396,82, (800).jpg,640,640
lience_plate,215,394,229,52, (801).jpg,640,640
lience_plate,200,283,278,153, (802).jpg,640,640
lience_plate,235,261,159,91, (803).jpg,640,640
lience_plate,202,215,249,126, (804).jpg,640,640
lience_plate,239,244,177,103, (805).jpg,640,640
lience_plate,139,214,360,50, (806).jpg,640,640
lience_plate,212,238,235,48, (807).jpg,640,640
lience_plate,215,283,229,48, (808).jpg,640,640
lience_plate,228,132,176,105, (809).jpg,640,640
lience_plate,258,272,93,115, (81).jpg,640,640
lience_plate,193,156,202,42, (810).jpg,640,640
lience_plate,234,208,180,38, (811).jpg,640,640
lience_plate,136,212,365,59, (812).jpg,640,640
lience_plate,204,228,212,42, (813).jpg,640,640
lience_plate,170,188,269,62, (814).jpg,640,640
lience_plate,256,207,142,34, (815).jpg,640,640
lience_plate,229,280,166,98, (816).jpg,640,640
lience_plate,232,249,170,38, (817).jpg,640,640
lience_plate,236,263,120,45, (818).jpg,640,640
lience_plate,18,231,609,127, (819).jpg,640,640
lience_plate,236,180,95,119, (82).jpg,640,640
lience_plate,208,280,204,48, (820).jpg,640,640
lience_plate,248,157,140,92, (821).jpg,640,640
lience_plate,194,330,262,57, (822).jpg,640,640
lience_plate,210,258,193,42, (823).jpg,640,640
lience_plate,164,122,266,58, (824).jpg,640,640
lience_plate,152,178,287,50, (825).jpg,640,640
lience_plate,120,251,340,57, (826).jpg,640,640
lience_plate,177,140,279,204, (827).jpg,640,640
lience_plate,129,153,275,54, (828).jpg,640,640
lience_plate,140,132,280,59, (829).jpg,640,640
lience_plate,259,215,91,110, (83).jpg,640,640
lience_plate,163,188,261,72, (830).jpg,640,640
lience_plate,112,251,306,69, (831).jpg,640,640
lience_plate,132,181,314,79, (832).jpg,640,640
lience_plate,91,244,365,65, (833).jpg,640,640
lience_plate,152,195,266,62, (834).jpg,640,640
lience_plate,163,201,286,55, (835).jpg,640,640
lience_plate,183,85,229,149, (836).jpg,640,640
lience_plate,45,234,364,62, (837).jpg,640,640
lience_plate,106,215,251,71, (838).jpg,640,640
lience_plate,147,245,384,67, (839).jpg,640,640
lience_plate,249,331,98,115, (84).jpg,640,640
lience_plate,190,135,293,82, (840).jpg,640,640
lience_plate,289,214,167,102, (841).jpg,640,640
lience_plate,44,23,289,89, (842).jpg,640,640
lience_plate,181,24,181,122, (843).jpg,640,640
lience_plate,208,401,229,42, (844).jpg,640,640
lience_plate,190,234,316,55, (845).jpg,640,640
lience_plate,95,252,309,76, (846).jpg,640,640
lience_plate,163,197,289,62, (847).jpg,640,640
lience_plate,152,268,282,59, (848).jpg,640,640
lience_plate,265,217,118,67, (849).jpg,640,640
lience_plate,258,411,108,137, (85).jpg,640,640
lience_plate,218,246,135,84, (850).jpg,640,640
lience_plate,187,218,200,105, (851).jpg,640,640
lience_plate,143,184,231,102, (852).jpg,640,640
lience_plate,168,430,261,51, (853).jpg,640,640
lience_plate,231,202,227,129, (854).jpg,640,640
lience_plate,164,208,280,58, (855).jpg,640,640
lience_plate,231,200,173,105, (856).jpg,640,640
lience_plate,202,214,248,103, (857).jpg,640,640
lience_plate,136,225,273,54, (858).jpg,640,640
lience_plate,142,235,258,59, (859).jpg,640,640
lience_plate,299,382,119,160, (86).jpg,640,640
lience_plate,214,396,224,52, (860).jpg,640,640
lience_plate,153,283,280,81, (861).jpg,640,640
lience_plate,236,112,173,113, (862).jpg,640,640
lience_plate,224,140,194,59, (863).jpg,640,640
lience_plate,249,123,173,102, (864).jpg,640,640
lience_plate,258,181,152,88, (865).jpg,640,640
lience_plate,278,159,170,98, (866).jpg,640,640
lience_plate,173,170,204,122, (867).jpg,640,640
lience_plate,248,112,147,89, (868).jpg,640,640
lience_plate,184,184,167,82, (869).jpg,640,640
lience_plate,244,268,98,112, (87).jpg,640,640
lience_plate,144,143,251,142, (870).jpg,640,640
lience_plate,231,137,190,106, (871).jpg,640,640
lience_plate,190,127,195,112, (872).jpg,640,640
lience_plate,214,185,190,115, (873).jpg,640,640
lience_plate,235,116,197,110, (874).jpg,640,640
lience_plate,140,149,252,136, (875).jpg,640,640
lience_plate,258,217,142,99, (876).jpg,640,640
lience_plate,208,23,167,112, (877).jpg,640,640
lience_plate,142,164,201,92, (878).jpg,640,640
lience_plate,82,205,316,68, (879).jpg,640,640
lience_plate,258,248,118,143, (88).jpg,640,640
lience_plate,75,164,331,69, (880).jpg,640,640
lience_plate,119,336,314,76, (881).jpg,640,640
lience_plate,146,168,160,102, (882).jpg,640,640
lience_plate,47,401,372,78, (883).jpg,640,640
lience_plate,244,71,116,89, (884).jpg,640,640
lience_plate,88,249,312,84, (885).jpg,640,640
lience_plate,146,132,278,72, (886).jpg,640,640
lience_plate,136,235,190,95, (887).jpg,640,640
lience_plate,200,178,238,51, (888).jpg,640,640
lience_plate,57,205,333,152, (889).jpg,640,640
lience_plate,262,194,102,118, (89).jpg,640,640
lience_plate,184,21,290,170, (890).jpg,640,640
lience_plate,194,25,280,161, (891).jpg,640,640
lience_plate,159,45,265,150, (892).jpg,640,640
lience_plate,248,71,159,102, (893).jpg,640,640
lience_plate,185,82,236,156, (894).jpg,640,640
lience_plate,200,166,173,82, (895).jpg,640,640
lience_plate,321,69,139,130, (896).jpg,640,640
lience_plate,137,51,408,221, (897).jpg,640,640
lience_plate,191,168,177,122, (898).jpg,640,640
lience_plate,78,108,263,146, (899).jpg,640,640
lience_plate,195,292,273,47, (9).jpg,640,640
lience_plate,212,382,106,122, (90).jpg,640,640
lience_plate,309,159,147,143, (900).jpg,640,640
lience_plate,106,167,198,106, (901).jpg,640,640
lience_plate,289,88,119,99, (902).jpg,640,640
lience_plate,193,139,290,85, (903).jpg,640,640
lience_plate,183,268,221,95, (904).jpg,640,640
lience_plate,109,167,292,110, (905).jpg,640,640
lience_plate,198,214,248,102, (906).jpg,640,640
lience_plate,181,367,307,57, (907).jpg,640,640
lience_plate,152,270,331,47, (908).jpg,640,640
lience_plate,278,61,129,88, (909).jpg,640,640
lience_plate,236,348,135,157, (91).jpg,640,640
lience_plate,62,245,296,109, (910).jpg,640,640
lience_plate,168,72,224,140, (911).jpg,640,640
lience_plate,40,17,295,99, (912).jpg,640,640
lience_plate,174,108,197,113, (913).jpg,640,640
lience_plate,139,140,173,118, (914).jpg,640,640
lience_plate,171,153,275,96, (915).jpg,640,640
lience_plate,197,170,207,109, (916).jpg,640,640
lience_plate,120,225,333,68, (917).jpg,640,640
lience_plate,98,177,279,62, (918).jpg,640,640
lience_plate,112,187,231,58, (919).jpg,640,640
lience_plate,232,136,110,135, (92).jpg,640,640
lience_plate,113,269,244,71, (920).jpg,640,640
lience_plate,187,210,269,57, (921).jpg,640,640
lience_plate,194,167,208,129, (922).jpg,640,640
lience_plate,71,205,338,74, (923).jpg,640,640
lience_plate,79,133,252,86, (924).jpg,640,640
lience_plate,153,242,375,71, (925).jpg,640,640
lience_plate,79,164,371,96, (926).jpg,640,640
lience_plate,91,168,355,85, (927).jpg,640,640
lience_plate,118,211,314,61, (928).jpg,640,640
lience_plate,289,208,164,112, (929).jpg,640,640
lience_plate,331,235,127,144, (93).jpg,640,640
lience_plate,255,261,224,65, (930).jpg,640,640
lience_plate,185,20,174,126, (931).jpg,640,640
lience_plate,188,185,241,92, (932).jpg,640,640
lience_plate,265,115,167,101, (933).jpg,640,640
lience_plate,299,142,191,72, (934).jpg,640,640
lience_plate,279,248,161,44, (935).jpg,640,640
lience_plate,259,214,163,50, (936).jpg,640,640
lience_plate,191,231,307,61, (937).jpg,640,640
lience_plate,210,211,143,82, (938).jpg,640,640
lience_plate,102,211,292,82, (939).jpg,640,640
lience_plate,273,270,118,152, (94).jpg,640,640
lience_plate,116,252,303,71, (940).jpg,640,640
lience_plate,205,159,183,38, (941).jpg,640,640
lience_plate,293,180,147,31, (942).jpg,640,640
lience_plate,160,105,214,102, (943).jpg,640,640
lience_plate,234,69,262,116, (944).jpg,640,640
lience_plate,227,180,178,69, (945).jpg,640,640
lience_plate,78,275,336,58, (946).jpg,640,640
lience_plate,135,133,241,140, (947).jpg,640,640
lience_plate,79,261,360,67, (948).jpg,640,640
lience_plate,156,265,304,64, (949).jpg,640,640
lience_plate,265,364,89,119, (95).jpg,640,640
lience_plate,188,231,312,61, (950).jpg,640,640
lience_plate,122,282,316,82, (951).jpg,640,640
lience_plate,170,82,210,125, (952).jpg,640,640
lience_plate,185,139,278,198, (953).jpg,640,640
lience_plate,173,142,282,201, (954).jpg,640,640
lience_plate,149,200,248,54, (955).jpg,640,640
lience_plate,135,202,270,86, (956).jpg,640,640
lience_plate,108,123,446,98, (957).jpg,640,640
lience_plate,205,194,185,92, (958).jpg,640,640
lience_plate,183,187,375,221, (959).jpg,640,640
lience_plate,238,256,115,139, (96).jpg,640,640
lience_plate,3,307,637,85, (960).jpg,640,640
lience_plate,6,310,634,86, (961).jpg,640,640
lience_plate,144,159,275,81, (962).jpg,640,640
lience_plate,129,188,317,67, (963).jpg,640,640
lience_plate,146,69,259,143, (964).jpg,640,640
lience_plate,174,40,149,126, (965).jpg,640,640
lience_plate,279,290,132,28, (966).jpg,640,640
lience_plate,214,185,140,38, (967).jpg,640,640
lience_plate,263,207,109,31, (968).jpg,640,640
lience_plate,156,184,266,81, (969).jpg,640,640
lience_plate,242,255,125,163, (97).jpg,640,640
lience_plate,166,106,231,135, (970).jpg,640,640
lience_plate,153,198,268,61, (971).jpg,640,640
lience_plate,321,79,108,92, (972).jpg,640,640
lience_plate,198,45,241,159, (973).jpg,640,640
lience_plate,191,160,177,58, (974).jpg,640,640
lience_plate,300,161,132,47, (975).jpg,640,640
lience_plate,183,187,316,74, (976).jpg,640,640
lience_plate,210,110,248,136, (977).jpg,640,640
lience_plate,125,173,388,126, (978).jpg,640,640
lience_plate,178,187,241,79, (979).jpg,640,640
lience_plate,221,340,101,113, (98).jpg,640,640
lience_plate,229,160,136,130, (980).jpg,640,640
lience_plate,48,239,360,57, (981).jpg,640,640
lience_plate,161,231,239,116, (982).jpg,640,640
lience_plate,197,173,201,102, (983).jpg,640,640
lience_plate,103,166,326,67, (984).jpg,640,640
lience_plate,140,30,259,137, (985).jpg,640,640
lience_plate,164,270,297,55, (986).jpg,640,640
lience_plate,205,93,183,85, (987).jpg,640,640
lience_plate,197,268,197,84, (988).jpg,640,640
lience_plate,232,150,157,109, (989).jpg,640,640
lience_plate,242,95,125,152, (99).jpg,640,640
lience_plate,246,146,202,105, (990).jpg,640,640
lience_plate,137,191,210,102, (991).jpg,640,640
lience_plate,202,255,171,82, (992).jpg,640,640
lience_plate,235,258,168,79, (993).jpg,640,640
lience_plate,195,253,183,82, (994).jpg,640,640
lience_plate,205,167,153,76, (995).jpg,640,640
lience_plate,173,251,323,55, (996).jpg,640,640
lience_plate,38,93,412,263, (997).jpg,640,640
lience_plate,193,180,207,130, (998).jpg,640,640
lience_plate,106,153,450,98, (999).jpg,640,640